<?xml version="1.0"?>
<!--
  Licensed to the Apache Software Foundation (ASF) under one or more
  contributor license agreements.  See the NOTICE file distributed with
  this work for additional information regarding copyright ownership.
  The ASF licenses this file to You under the Apache License, Version 2.0
  (the "License"); you may not use this file except in compliance with
  the License.  You may obtain a copy of the License at

      http://www.apache.org/licenses/LICENSE-2.0

  Unless required by applicable law or agreed to in writing, software
  distributed under the License is distributed on an "AS IS" BASIS,
  WITHOUT WARRANTIES OR CONDITIONS OF ANY KIND, either express or implied.
  See the License for the specific language governing permissions and
  limitations under the License.
-->
<samples xmlns:xlink="http://www.w3.org/1999/xlink">
 
 <group name="Main examples page.">
  <sample name="Back" href="..">to Cocoon examples main page</sample>
 </group>

  <group name="Paginator">
    <sample href="list(1)" name="List Pagination">
      Show the usage of the Paginator Transformer to paginate document based on items count limit.
    </sample>
    <sample href="text(1)" name="Text Pagination">
      Show the usage of the Paginator Transformer to paginate document based on characters count limit.
    </sample>  
  </group>


</samples>
