<?xml version="1.0"?>
<!--
  Licensed to the Apache Software Foundation (ASF) under one or more
  contributor license agreements.  See the NOTICE file distributed with
  this work for additional information regarding copyright ownership.
  The ASF licenses this file to You under the Apache License, Version 2.0
  (the "License"); you may not use this file except in compliance with
  the License.  You may obtain a copy of the License at

      http://www.apache.org/licenses/LICENSE-2.0

  Unless required by applicable law or agreed to in writing, software
  distributed under the License is distributed on an "AS IS" BASIS,
  WITHOUT WARRANTIES OR CONDITIONS OF ANY KIND, either express or implied.
  See the License for the specific language governing permissions and
  limitations under the License.
-->

<!--+
    | $Id$
    | Date: March 23, 2002
    +-->
<page xmlns:jx="http://apache.org/cocoon/templates/jx/1.0">
    <resources>
      <resource type="file" href="../calc/calc.js">Flowscript</resource>
    </resources>
    <title>Calculator</title>
    <!--+ XML comments are not parsed.
        |ie: This expresion don't break the Generator: #{$.[4.]$..cocoon/continuation/id}">
        +-->
    <content>
      <!--jx:comment>
      	The "comment" tag allows to insert comments in the result file.
      	JXTemplate Expresions are parsed. Samples:

	    This is the continuation id: #{$cocoon/continuation/id}
	    A backslash dir reference: d:\cocoon\
      </jx:comment-->
      <form method="post" action="continue.#{$cocoon/continuation/id}">
        <para>Enter value of <strong>a</strong>: <input type="text" name="a"/></para>
        <input type="submit" name="submit" value="Enter"/>
      </form>
    </content>
</page>
