<?xml version="1.0"?>
<!--
  Licensed to the Apache Software Foundation (ASF) under one or more
  contributor license agreements.  See the NOTICE file distributed with
  this work for additional information regarding copyright ownership.
  The ASF licenses this file to You under the Apache License, Version 2.0
  (the "License"); you may not use this file except in compliance with
  the License.  You may obtain a copy of the License at

      http://www.apache.org/licenses/LICENSE-2.0

  Unless required by applicable law or agreed to in writing, software
  distributed under the License is distributed on an "AS IS" BASIS,
  WITHOUT WARRANTIES OR CONDITIONS OF ANY KIND, either express or implied.
  See the License for the specific language governing permissions and
  limitations under the License.
-->

<!--
  - $Id$
  -->
<list>
  <item>This is the paragraph number one (44 chars).</item>
  <item>This is the paragraph number two, a bit longer (58 chars).</item>
  <item>This one is third (29 chars).</item>
  <item>4th (15 chars).</item>
  <item>5th (15 chars).</item>
  <item>This is the paragraph number six.</item>
  <item>This is the paragraph number seven.</item>
  <item>This is the paragraph number eight.</item>
  <item>This is the paragraph number nine which is longer (twice) than any other paragraph before.</item>
  <item>This is the paragraph number ten.</item>
  <item>This is the paragraph number eleven.</item>
</list>
