<?xml version="1.0" encoding="UTF-8"?>
<!--
  Licensed to the Apache Software Foundation (ASF) under one or more
  contributor license agreements.  See the NOTICE file distributed with
  this work for additional information regarding copyright ownership.
  The ASF licenses this file to You under the Apache License, Version 2.0
  (the "License"); you may not use this file except in compliance with
  the License.  You may obtain a copy of the License at

      http://www.apache.org/licenses/LICENSE-2.0

  Unless required by applicable law or agreed to in writing, software
  distributed under the License is distributed on an "AS IS" BASIS,
  WITHOUT WARRANTIES OR CONDITIONS OF ANY KIND, either express or implied.
  See the License for the specific language governing permissions and
  limitations under the License.
-->
<!DOCTYPE document PUBLIC "-//APACHE//DTD Documentation V1.2//EN" "document-v12.dtd">

<document>
  <header>
    <title>Deeply emebedded content model with long names</title>
  </header>

  <body>
    <section>
      <title>Source element with CDATA</title>
<source><![CDATA[
_________1_________2_________3_________4_________5_________6_________7
12345678901234567890123456789012345678901234567890123456789012345678901234567890
<deeeeeeeeeeppppppppppllllllllllyyyyyyyyyy-embedded-xml-elements-with-very-loooooooooonnnnnnnnnngggggggggg-names>
        <deeeeeeeeeeppppppppppllllllllllyyyyyyyyyy-embedded-xml-elements-with-very-loooooooooonnnnnnnnnngggggggggg-names>
                <deeeeeeeeeeppppppppppllllllllllyyyyyyyyyy-embedded-xml-elements-with-very-loooooooooonnnnnnnnnngggggggggg-names>
                        <deeeeeeeeeeppppppppppllllllllllyyyyyyyyyy-embedded-xml-elements-with-very-loooooooooonnnnnnnnnngggggggggg-names>
                                <deeeeeeeeeeppppppppppllllllllllyyyyyyyyyy-embedded-xml-elements-with-very-loooooooooonnnnnnnnnngggggggggg-names>
                                        <deeeeeeeeeeppppppppppllllllllllyyyyyyyyyy-embedded-xml-elements-with-very-loooooooooonnnnnnnnnngggggggggg-names>
                                                <deeeeeeeeeeppppppppppllllllllllyyyyyyyyyy-embedded-xml-elements-with-very-loooooooooonnnnnnnnnngggggggggg-names>
                                                        <deeeeeeeeeeppppppppppllllllllllyyyyyyyyyy-embedded-xml-elements-with-very-loooooooooonnnnnnnnnngggggggggg-names>
                                                                <deeeeeeeeeeppppppppppllllllllllyyyyyyyyyy-embedded-xml-elements-with-very-loooooooooonnnnnnnnnngggggggggg-names>
                                                                </deeeeeeeeeeppppppppppllllllllllyyyyyyyyyy-embedded-xml-elements-with-very-loooooooooonnnnnnnnnngggggggggg-names>
                                                        </deeeeeeeeeeppppppppppllllllllllyyyyyyyyyy-embedded-xml-elements-with-very-loooooooooonnnnnnnnnngggggggggg-names>
                                                </deeeeeeeeeeppppppppppllllllllllyyyyyyyyyy-embedded-xml-elements-with-very-loooooooooonnnnnnnnnngggggggggg-names>
                                        </deeeeeeeeeeppppppppppllllllllllyyyyyyyyyy-embedded-xml-elements-with-very-loooooooooonnnnnnnnnngggggggggg-names>
                                </deeeeeeeeeeppppppppppllllllllllyyyyyyyyyy-embedded-xml-elements-with-very-loooooooooonnnnnnnnnngggggggggg-names>
                        </deeeeeeeeeeppppppppppllllllllllyyyyyyyyyy-embedded-xml-elements-with-very-loooooooooonnnnnnnnnngggggggggg-names>
                </deeeeeeeeeeppppppppppllllllllllyyyyyyyyyy-embedded-xml-elements-with-very-loooooooooonnnnnnnnnngggggggggg-names>
        </deeeeeeeeeeppppppppppllllllllllyyyyyyyyyy-embedded-xml-elements-with-very-loooooooooonnnnnnnnnngggggggggg-names>
</deeeeeeeeeeppppppppppllllllllllyyyyyyyyyy-embedded-xml-elements-with-very-loooooooooonnnnnnnnnngggggggggg-names>
]]></source>
    </section>

  </body>
</document>
