<?xml version="1.0"?>
<!--
  Licensed to the Apache Software Foundation (ASF) under one or more
  contributor license agreements.  See the NOTICE file distributed with
  this work for additional information regarding copyright ownership.
  The ASF licenses this file to You under the Apache License, Version 2.0
  (the "License"); you may not use this file except in compliance with
  the License.  You may obtain a copy of the License at

      http://www.apache.org/licenses/LICENSE-2.0

  Unless required by applicable law or agreed to in writing, software
  distributed under the License is distributed on an "AS IS" BASIS,
  WITHOUT WARRANTIES OR CONDITIONS OF ANY KIND, either express or implied.
  See the License for the specific language governing permissions and
  limitations under the License.
-->

<page xmlns:xi="http://www.w3.org/2001/XInclude">
  <title>XInclude demo</title>
  <content>
    <para>This sample will include the content of the /html/body tag of the
      file sample.xhtml. This is done using the custom 'elementpath' XPointer
      scheme, which avoids building a DOM (which the xpointer() scheme does).</para>
    <para><b><![CDATA[sample.xhtml#xmlns(c=http://apache.org/cocoon/xpointer)c:elementpath(/html/body)]]></b></para>
    <xi:include href="sample.xhtml#xmlns(c=http://apache.org/cocoon/xpointer)c:elementpath(/html/body)"/>
  </content>
</page>
