<?xml version="1.0" encoding="UTF-8"?>
<!--
  Licensed to the Apache Software Foundation (ASF) under one
  or more contributor license agreements.  See the NOTICE file
  distributed with this work for additional information
  regarding copyright ownership.  The ASF licenses this file
  to you under the Apache License, Version 2.0 (the
  "License"); you may not use this file except in compliance
  with the License.  You may obtain a copy of the License at

   http://www.apache.org/licenses/LICENSE-2.0

  Unless required by applicable law or agreed to in writing,
  software distributed under the License is distributed on an
  "AS IS" BASIS, WITHOUT WARRANTIES OR CONDITIONS OF ANY
  KIND, either express or implied.  See the License for the
  specific language governing permissions and limitations
  under the License.
-->
<!--+
    | Find usage details at http://maven.apache.org/plugins/maven-changes-plugin/usage.html
    |
    | @version $Id$
    +-->
<document>
  <body>
    <release version="1.0.0-RC1" date="2007-??-??" description="unreleased"> 
      <action dev="reinhard" type="add">
        Apples can also be Spring beans. In order to lookup a bean, use the "spring-apples" interpreter. The former
        "service-apples" interpreter has been deprecated.
      </action>         
      <action dev="reinhard" type="add">
        Add an AppleNotFoundException which informs why an Apple can't be initialized.
      </action>      
      <action dev="reinhard" type="add">
        Add sendStatus() to the AppleResponse interface.
      </action>
    </release>    
    <release version="1.0.0-M2" date="2007-02-05" description="released">  
      <action dev="reinhard" type="update">
        Use block directory structure as required from cocoon-core-2.2M3
      </action>
    </release>
    <release version="1.0.0-M1" date="2006-08-03" description="released">  
      <action dev="reinhard" type="update">
        Initial release from trunk.
      </action>
      <action dev="JHS" type="fix" issue="COCOON-1728" due-to="Paul Focke" due-to-email="paul@outerthought.org">
        Apples can now access components declared in mounted sitemaps.
      </action>
      <action dev="LG" type="add">
        Service apples:<br/>
        in applicationContext.xml:<br/>
        &lt;bean id="orderCreateApple" class="com.mobilebox.gemini.web.apples.OrderCreateApple"&gt;<br/>
          &lt;property name="orderRequestParser" ref="orderRequestParserService"/&gt;<br/>
          &lt;property name="orderService" ref="orderService"/&gt;<br/>
        &lt;/bean&gt;<br/>
        in sitemap.xmap
        &lt;map:flow language="service-apples"/&gt;
        &lt;.../&gt;
        &lt;map:match pattern="orderCreate"&gt;
          &lt;map:call function="orderCreateApple"/&gt;
        &lt;/map:match&gt;
      </action>
    </release>
  </body>
</document>
