<?xml version="1.0"?>
<!--
  Licensed to the Apache Software Foundation (ASF) under one or more
  contributor license agreements.  See the NOTICE file distributed with
  this work for additional information regarding copyright ownership.
  The ASF licenses this file to You under the Apache License, Version 2.0
  (the "License"); you may not use this file except in compliance with
  the License.  You may obtain a copy of the License at

      http://www.apache.org/licenses/LICENSE-2.0

  Unless required by applicable law or agreed to in writing, software
  distributed under the License is distributed on an "AS IS" BASIS,
  WITHOUT WARRANTIES OR CONDITIONS OF ANY KIND, either express or implied.
  See the License for the specific language governing permissions and
  limitations under the License.
-->

<!DOCTYPE article PUBLIC "-//OASIS//DTD Simplified DocBook XML V4.1.2.5//EN"
                         "sdocbook.dtd">

<!-- See the Apache Cocoon documentation userdocs/concepts/catalog.html
  for explanation about configuring the Catalog Entity Resolver
  to use your local copy of the Simplified DocBook DTD.
-->

<article>
 <title>Catalog demonstration - Simplified DocBook DTD</title>
 <subtitle>
  Here is a subtitle
 </subtitle>
 <para>
  This is an introduction paragraph.
 </para>

 <section>
  <title>This is the first top-level section</title>
  <para>
   Another paragraph.
  </para>
  <section>
   <title>This is a second-level section</title>
   <para>
    with its own paragraph.
   </para>
  </section>
 </section>

 <section>
  <title>This is the second top-level section</title>
   <para>
    The logo below is included using a <emphasis>mediaobject</emphasis>
    element containing an <emphasis>imageobject</emphasis> element.
   </para>
   <mediaobject>
    <imageobject>
     <imagedata srccredit="Powered by Apache Cocoon"
                fileref="images/cocoon.gif"
                width="300" depth="49" format="GIF"/>
    </imageobject>
   </mediaobject>
 </section>

</article>
